url,keywords
"('http://youtube.com/watch?v=X-_cJU-pFwQ',)","('introduct|siddhartha|gautama|buddha|buddhism',)"
"('http://youtube.com/watch?v=aCA6ioTLw-Q',)","('introduct|major|school|buddhist|thoughttheravada|buddhism|mahayana|buddhism',)"
"('http://youtube.com/watch?v=16S_XjHqcZM',)","('core|spiritu|idea|buddhism|way|comparison|idea|hindu|upanishad',)"
"('http://youtube.com/watch?v=lh2mp0aqSh8',)","('familiar|common|fraction|decim|convert',)"
"('http://youtube.com/watch?v=UWTdCorvOWU',)","('overview|import|religi|text|hinduism|includ|veda|ramayana|mahabharata|bhagavad|gita',)"
"('http://youtube.com/watch?v=v8sj8pHSFuE',)","('discuss|varna|describ|rigveda|bhagavad|gita|relat|notion|cast|modern|india',)"
"('http://youtube.com/watch?v=INv2gdpfXPQ',)","('overview|hindu|pantheon|includ|shiva|vishnu|brahma|ganesh|parvati|durga|lakshmi|karthikeya|rama|krishna',)"
"('http://youtube.com/watch?v=6WIBa32o63Q',)","('explain|electron|affin|trend|period|electron|shield|effect|nuclear|charg|compar|electron|affin|ioniz|energi',)"
"('http://youtube.com/watch?v=649ZlWMp0LE',)","('explain|trend|ioniz|energi|period|nuclear|charg|shield|distanc|electron|nucleu',)"
"('http://youtube.com/watch?v=dzSbmCxUyuo',)","('formal|inform|write|speak| |let|dive',)"
"('http://youtube.com/watch?v=WnAzZWxiGs4',)","('tell|differ|compliment|complement|desert|dessert|',)"
"('http://youtube.com/watch?v=vVTwzjvWySs',)","('name|ionic|compound|contain|polyval|ion|exampl|cobalt|iii|sulfid',)"
"('http://youtube.com/watch?v=kemwplAKWsY',)","('sanskrit|connect|latin|english|european|languag',)"
"('http://youtube.com/watch?v=mi9sMazNPxM',)","('indu|river|valley|harappan|civil|last|2000|year|extend|today|northeast|afghanistan|pakistan|northwest|india|\xa0|sal|explor|histori|civil|technolog|innov|art|architectur|practic|agricultur',)"
"('http://youtube.com/watch?v=0BdZZCwDE-I',)","('sampl|ap|calculu|question|ask|recogn|function|taylor|seri',)"
"('http://youtube.com/watch?v=EqEEndY0sT8',)","('cyru|great|overthrow|median|establish|achaemenid|empir|persian|empir',)"
"('http://youtube.com/watch?v=DaBq0naj0YY',)","('introduct|experi|design|explanatori|respons|variabl|control|treatment|group',)"
"('http://youtube.com/watch?v=QA81QUt5Xjs',)","('sal|interview|legendari|filmmak|franci|ford|coppola',)"
"('http://youtube.com/watch?v=DsCMYyQ0NWU',)","('nitrogen|recycl|biospher|nitrogen|cycl|includ|nitrogen|fixat',)"
"('http://youtube.com/watch?v=TitrRpMUt0I',)","('see|energi|matter|flow|recycl|primari|produc|autotroph|primari|secondari|tertiari|consum',)"
"('http://youtube.com/watch?v=49EsnvxVQec',)","('phrase|collect|word|behav|like|speech|like|noun|phrase|“|brother|stu|”|adjectiv|phrase|“|differ|shade|blue|”|adverbi|phrase|“|eleg|tact|”|claus|noun|phrase|plu|verb|sentenc|n’t|’ll',)"
"('http://youtube.com/watch?v=TeiuG81mbII',)","('sentenc|grammat|complet|idea|sentenc|noun|pronoun|compon|call|subject|verb|call|predic|david|paig|explor|divis|differ|exampl|sentenc',)"
"('http://youtube.com/watch?v=KyAKEisg2PQ',)","('learn|popul|growth|rate|model|exponenti|logist|equat',)"
"('http://youtube.com/watch?v=OfV3VNgjpvw',)","('ecolog|studi|live|thing|interact|environ|includ|live|thing|biotic|factor|nonliv|thing|abiot|factor',)"
"('http://youtube.com/watch?v=6_XMKmFQ_w8',)","('learn|read|draw|phylogenet|tree|cladogram',)"
"('http://youtube.com/watch?v=LE2uwd9V5vw',)","('euler|formula|relat|complex|exponenti|cosin|sine|function|formula|import|tool|ac|analysi|electr|engin|need|understand|complex|number',)"
"('http://youtube.com/watch?v=Q-aGAX27SIo',)","('overview|differ|type|evid|support|evolut|includ|homolog|analog|featur|vestigi|structur',)"
"('http://youtube.com/watch?v=rMuj2MGeIAc',)","('overview|question|life|aros|earth',)"
"('http://youtube.com/watch?v=XVWiAArXYpE',)","('quick|overview|histori|democrat|parti|200|year|hard|fit|16|minut|got|highlight|jefferson|jackson|fdr|lbj',)"
"('http://youtube.com/watch?v=lJDjWZqhpVc',)","('oper|amplifi|differenti|input|high|gain|willi|describ|symbol|properti|opamp|opamp|backbon|analog|circuit|design',)"
"('http://youtube.com/watch?v=Rd4a1X3B61w',)","('big|pictur|view|chemistri|fascin|chemistri|relat|math|scienc',)"
"('http://youtube.com/watch?v=gbIgkcIfg0E',)","('primer|brexit|european|union|eurozon',)"
"('http://youtube.com/watch?v=7T7PxQMLTt8',)","('quick|histori|gop|origin|civil|war|elect|lincoln|eisenhow|reagan|eleph|symbol|come',)"
"('http://youtube.com/watch?v=ggggPEuFzOM',)","('primer|unit|kingom|vs|great|britain|vs|england',)"
"('http://youtube.com/watch?v=LuOaEe89_HE',)","('overview|gene|regul|lac|operon|discuss|cap|camp|lac|repressor|allolactos|regul|lac|operon',)"
"('http://youtube.com/watch?v=1RoJcfnZYCQ',)","('late|nineteenth|centuri|sociologist|misus|darwin|theori|evolut|justifi|racism|ka|histori|fellow|kim|biolog|fellow|emili|discuss|evolut|work|sociologist|gild|age|misunderstood|applic|human|societi',)"
"('http://youtube.com/watch?v=JQIwwJqF5D0',)","('introduct|transcript|includ|role|rna|polymeras|promot|termin|intron|exon',)"
"('http://youtube.com/watch?v=nHi-3jP6Mvc',)","('introduct|pcr|polymeras|chain|reaction',)"
"('http://youtube.com/watch?v=5ffl-0OYVQU',)","('introduct|dna|clone',)"
"('http://youtube.com/watch?v=eM7arWJJ3zk',)","('role|dna|polymeras|primas|ligas|helicas|topoisomeras|dna|replic|explan|lead|lag|strand',)"
"('http://youtube.com/watch?v=EW08rD-GFh0',)","('visual|understand|laplac|oper|extens|second|deriv|multivari|function',)"
"('http://youtube.com/watch?v=0k4tWeI3R0Y',)","('finish|demonstr|comput|threedimension|curl|certain|determin',)"
"('http://youtube.com/watch?v=szLkF7isbI0',)","('mean|posit|curl|fluid|flow|look|bit|differ|clear|cut|rotationaroundapoint|exampl|discuss|previou|video',)"
"('http://youtube.com/watch?v=a_49iMi10kg',)","('comput|threedimension|curl|imagin|cross|product|sort',)"
"('http://youtube.com/watch?v=ZRLXDiiUv8Q',)","('current|flow|charg|measur|current|count|charg|pass|boundari|second',)"
"('http://youtube.com/watch?v=AXqhWeUEtQU',)","('partial|deriv|tell|multivari|function|chang|tweak|variabl|input',)"
"('http://youtube.com/watch?v=bb4bSCjlFAw',)","('function|onedimension|input|multidimension|output|think|draw|curv|space',)"
"('http://youtube.com/watch?v=5FWAVmwMXWg',)","('vector|field|let|visual|function|twodimension|input|twodimension|output|end|field|vector|sit|point|twodimension|space',)"
"('http://youtube.com/watch?v=Go3UvzbsSGo',)","('vector|field|threedimension|bit|trickier|visual',)"
"('http://youtube.com/watch?v=ZiMYRBtDB2M',)","('exampl|start|understand|formula|threedimension|vector|field|relat|way|look',)"
"('http://youtube.com/watch?v=N6IAzlugWw0',)","('scientif|method|ask|question|test|explan',)"
"('http://youtube.com/watch?v=VgqsM-XdBD0',)","('sal|show|add|vector|ad|compon|explain|intuit|ad|vector|graph',)"
"('http://youtube.com/watch?v=tlSJCG5DqzI',)","('write|electron|configur|atom|monatom|ion|nobl|ga|configur',)"
"('http://youtube.com/watch?v=3G_Q6AggQF8',)","('simpl|idea|michelson‒morley|experi|detect|ether|wind',)"
"('http://youtube.com/watch?v=FQFBygnIONU',)","('overview|cell|signal|autocrin|paracrin|endocrin|signal',)"
"('http://youtube.com/watch?v=xxZenoBs2Pg',)","('lenz|law| |see|magnet|field|induc|current|induc|chang|magnet|flux|faraday|law|counteract|chang|flux',)"
"('http://youtube.com/watch?v=m1PPujngqAw',)","('introduct|intuit|flux|magnet|flux',)"
"('http://youtube.com/watch?v=J30zpvbmw7s',)","('oxid|coenzym|like|nadh|lead|product|atp|oxid|phosphoryl',)"
"('http://youtube.com/watch?v=3Iu1Z0h1i1Y',)","('alcohol|ethanol|ferment|includ|yeast|role|bread|wine|product',)"
"('http://youtube.com/watch?v=D6mRPgvAEOc',)","('second|law|thermodynam|entropi|entropi|univers|constantli|increas',)"
"('http://youtube.com/watch?v=axG9HuqViDY',)","('second|law|thermodynam|spontan|transfer|heat|cold|hot',)"
"('http://youtube.com/watch?v=Vc8mmZTrNtI',)","('energi|creat|destroy|transfer|convert|form',)"
"('http://youtube.com/watch?v=vny1qUaToHw',)","('hypoton|isoton|hyperton|solut|tonic|see|effect|type|solut|direct|osmosi',)"
"('http://youtube.com/watch?v=afWnU10ZNfg',)","('fluid|mosaic|model|cell|membran|role|phospholipid|protein|glycoprotein|cholesterol|glycolipid',)"
"('http://youtube.com/watch?v=cP8iQu57dQo',)","('understand|structur|plant|cell|wall',)"
"('http://youtube.com/watch?v=zdvKhaQxvag',)","('overview|cell|interact|extracellular|matrix',)"
"('http://youtube.com/watch?v=cMNx17H3dRU',)","('overview|video|physic|delv|deeper|futur|video',)"
"('http://youtube.com/watch?v=uIojjqSm0m4',)","('explor|cell|cytoskeleton|includ|microfila|microtubul|brief|mention|intermedi|filament',)"
"('http://youtube.com/watch?v=4BAGI6LbHeo',)","('structur|role|mitochondria|plural|mitochondrion|outer|membran|inner|membran|crista|porin',)"
"('http://youtube.com/watch?v=i1dAnpSFbyI',)","('intuit|formula|thermal|conduct',)"
"('http://youtube.com/watch?v=hDP6egLrsdM',)","('fire|thermal|conduct|convect|radiat',)"
"('http://youtube.com/watch?v=8GQvMt-ow4w',)","('maxwellboltzmann|distribut|visual|distribut|speed|particl|differ|temperatur',)"
"('http://youtube.com/watch?v=xQ9D4Jz95-A',)","('prokaryot|eukaryot|cell|bacteria|archaea',)"
"('http://youtube.com/watch?v=xTnNv7YplSo',)","('think|limit|factor|cell|size|focu|volum|surfac|area|ratio',)"
"('http://youtube.com/watch?v=6xx5v3PKZZM',)","('introduct|cell|theori|role|hook|leeuwenhoek|develop',)"
"('http://youtube.com/watch?v=zk3vlhz1b6k',)","('primari|secondari|tertiari|quaternari|protein|structur|beta|pleat|sheet|alpha|helic',)"
"('http://youtube.com/watch?v=MODnIkQvyz0',)","('surfac|tension|water|surfac|tension|relat|hydrogen|bond',)"
"('http://youtube.com/watch?v=_RTF0DAHBBM',)","('reactant|product|revers|irrevers|chemic|reaction',)"
"('http://youtube.com/watch?v=TStjgUmL1RQ',)","('s|averag|rate|chang|function|interv',)"
"('http://youtube.com/watch?v=8QihetGj3pg',)","('predict|number|time|spinner|land|eleph',)"
"('http://youtube.com/watch?v=f4MYCepzLyQ',)","('introduct|mortgag|loan',)"
"('http://youtube.com/watch?v=8bK-xfh8-rY',)","('sal|explain|fundament|forc|caus|charg|particl|attract|repel',)"
"('http://youtube.com/watch?v=y-1Gh4ewklY',)","('dna|copi|replic|inform|dna|protein',)"
"('http://youtube.com/watch?v=2GQTfpDE9DQ',)","('assum|quantiti|grow|proport|size|result|gener|equat|dydxki|solv|separ|variabl|result|gener|exponenti|function|yceᵏˣ',)"
"('http://youtube.com/watch?v=6gUY5NoX1Lk',)","('differenti|equat|equat|relat|function|deriv|mean|solut|function|learn|video',)"
"('http://youtube.com/watch?v=IYFkXWlgC_w',)","('sal|explain|diseas|al|amyotroph|later|sclerosi|take|ice|bucket|challeng',)"
"('http://youtube.com/watch?v=6o7b9yyhH7k',)","('sal|talk|stanford|professor|carol|dweck|research|growth|mindset|join|learn|movement|wwwkhanacademyorgyoucanlearnanyth',)"
"('http://youtube.com/watch?v=tKDET9t8VTI',)","('khan|academi|mission|unlock|world|potenti|peopl|think|intellig|fix|scienc|say|’s|start|know|learn|join|movement|httpkhanacademyorgyoucanlearnanyth',)"
"('http://youtube.com/watch?v=wh0OS4MrN3E',)","('sal|explain|s|binomi|theorem|use|use',)"
"('http://youtube.com/watch?v=JC82Il2cjqA',)","('video|sal|aspen|institut|presid|ceo|walter|isaacson|present|overview|benjamin|franklin|life',)"
"('http://youtube.com/watch?v=z-Qi4w6Xkuc',)","('identifi|anod|cathod|galvan|cell|calcul|voltag|standard|electrod|potenti',)"
"('http://youtube.com/watch?v=iPwrDWQ7hPc',)","('use|redox|reaction|construct|galvanicvolta|cell|produc|flow|current|show|flow|electron|ion|explain|role|salt|bridg',)"
"('http://youtube.com/watch?v=e23FYcmAG5k',)","('structur|endoplasm|reticulum|golgi|bodi|golgi|apparatu|role|protein|secret',)"
"('http://youtube.com/watch?v=m0SFJt_0v28',)","('video|aspen|institut|presid|ceo|walter|isaacson|\xa0|talk|sal|\xa0|declar|independ',)"
"('http://youtube.com/watch?v=9Xncz_mMc5g',)","('mean|buy|bond',)"
"('http://youtube.com/watch?v=6UqtgH_Zy1Y',)","('differ|apr|effect|apr',)"
"('http://youtube.com/watch?v=_NB5-Z0pOyc',)","('pulitz|prize|win|author|thoma|friedman|share|thought|discuss|sal',)"
"('http://youtube.com/watch?v=Qh-M3_L4xYk',)","('function|assign|singl|uniqu|output|input|video|exampl|kind|function',)"
"('http://youtube.com/watch?v=RuPMsK0mQC8',)","('austriahungari|ottoman|empir|british|german|french|russian|empir',)"
"('http://youtube.com/watch?v=pr-u4LCFYEY',)","('fundament|theorem|calculu|show|sens|integr|opposit|differenti',)"
"('http://youtube.com/watch?v=6Qr99-l1Oos',)","('moment|ve|wait|\xa0|connect|idea|riemann|sum|integr',)"
"('http://youtube.com/watch?v=kvGsIo1TmsM',)","('sal|introduc|statist|explain|differ|way|describ|center|data|set',)"
"('http://youtube.com/watch?v=vDwzmJpI4io',)","('corpor|set|tax|haven|use|transfer|price',)"
"('http://youtube.com/watch?v=xFBK9534NI8',)","('3|30|second|left|better|hard|3|easi|2|tri|possess|simul|httpwwwkhanacademyorgcsbasketballdecisions1024155511',)"
"('http://youtube.com/watch?v=IyoUWRAharQ',)","('basic|introduct|microeconom|macroeconom|studi|bit|adam|smith',)"
"('http://youtube.com/watch?v=LiPQuOFVHl4',)","('present|analysi|famou|thought|experi|monti|hall|problem|fun',)"
"('http://youtube.com/watch?v=C7ducZoLKgw',)","('start|appli|stoke|theorem|solv|line|integr',)"
"('http://youtube.com/watch?v=CXCtqBlEZ7g',)","('salman|khan|give|commenc|address|mit|2012',)"
"('http://youtube.com/watch?v=h8EYEJ32oQ8',)","('introduct|margin|propens|consum|multipli',)"
"('http://youtube.com/watch?v=TLSYwkWCIzA',)","('independ|realiz|ancestor|perspect',)"
"('http://youtube.com/watch?v=-fCVxTTAtFQ',)","('cryptographi|stori|take|caesar|claud|shannon',)"
"('http://youtube.com/watch?v=8JYP_wU1JTU',)","('contrast|keynesian|classic|think',)"
"('http://youtube.com/watch?v=Xp6V_lO1ZKA',)","('basic|mechan|monetari|fiscal|polici',)"
"('http://youtube.com/watch?v=E2MRMdaPKcc',)","('understand|aggreg|demand|differ|demand|specif|good|servic| |justif|aggreg|demand|curv|downward|slope',)"
"('http://youtube.com/watch?v=Pn24jP0YbTI',)","('busi|cycl|driven|emot',)"
"('http://youtube.com/watch?v=O_Oozju3RRI',)","('exampl|show|factor|affect|interest|rate',)"
"('http://youtube.com/watch?v=8CluknrLeys',)","('studi|differenti|calculu',)"
"('http://youtube.com/watch?v=Kf9KjCKmDcU',)","('basic|price|inflat|cpi|consum|price|index',)"
"('http://youtube.com/watch?v=hPkh8kOldU4',)","('word|algebra|underli|idea|come',)"
"('http://youtube.com/watch?v=ntxMOKXHlfo',)","('understand|flow|resourc|simplest|possibl|economi',)"
"('http://youtube.com/watch?v=oLhohwfwf_U',)","('notsoloy|crimin|want|snitch',)"
"('http://youtube.com/watch?v=TXrOpjG4dUs',)","('equilibrium|price|quantiti|suppli|demand',)"
"('http://youtube.com/watch?v=vItRHYu-A88',)","('thoma|malthuss|view|popul|malthusian|limit',)"
"('http://youtube.com/watch?v=EKvHQc3QEow',)","('sal|ask|predict|year|2060',)"
"('http://youtube.com/watch?v=AaR1mPrdbTc',)","('direct|forc|case|circular|motion|constant|speed',)"
"('http://youtube.com/watch?v=_LDR1_Prveo',)","('sal|find|domain|rang|fx3x26x2',)"
"('http://youtube.com/watch?v=Hfz1bwK5C4o',)","('scienc|taxonomi|human|fit|tree|life',)"
"('http://youtube.com/watch?v=UkXI-zPcDIM',)","('sal|talk|professor|laurenc|baker|stanford|medic|school',)"
"('http://youtube.com/watch?v=PEMkfgrifDw',)","('discuss|health|care|cost',)"
"('http://youtube.com/watch?v=r1ywppAJ1xs',)","('dr|david|agu|talk|inflamm|sal|repeatedli|misspel|m',)"
"('http://youtube.com/watch?v=CiKrFcgVSIU',)","('differ|role|healthcar|system',)"
"('http://youtube.com/watch?v=vZOk8NnjILg',)","('basic|doctor|paid',)"
"('http://youtube.com/watch?v=za0QJRZ-yQ4',)","('basic|overview|hormon|endocrin|system',)"
"('http://youtube.com/watch?v=oHvLlS_Sc54',)","('mechan|carri|trade',)"
"('http://youtube.com/watch?v=VpLKdKkpg68',)","('understand|correl|impli|causal|press|research|impli',)"
"('http://youtube.com/watch?v=6YU9HVS2GT0',)","('prove|express|sum|posit|integ|includ|n|induct',)"
"('http://youtube.com/watch?v=GZ6I3T1RAnQ',)","('light|electromagnet|radiat|spectrum|wave|particlelik|behavior|calcul|wavelength|frequenc|light|wave',)"
"('http://youtube.com/watch?v=LMHxxvbzFqc',)","('think|coeffici|static|kinet|friction',)"
"('http://youtube.com/watch?v=4J-dRA3MGc8',)","('figur|compon|forc|graviti|parallel|perpendicular|surfac|inclin|plane',)"
"('http://youtube.com/watch?v=f_Z1zsR9lFM',)","('correct|total|final|veloc|projectil|video',)"
"('http://youtube.com/watch?v=8In5PK1yUAA',)","('calcul|total|final|veloc|projectil|land|differ|altitud|mistak|near|end|write|2903|2603|ms|final|total|magnitud|2655|ms|787|degre|horizont',)"
"('http://youtube.com/watch?v=ROpbdO-gRUo',)","('way|determin|time|air|given|initi|vertic|veloc',)"
"('http://youtube.com/watch?v=wblW_M_HVQ8',)","('visual|ad|break|vector|2|dimens',)"
"('http://youtube.com/watch?v=rLNM8zI4Q_M',)","('action|equal|opposit|reaction',)"
"('http://youtube.com/watch?v=ZA_D4O6l1lo',)","('newton|second|law|motion|f| |ma|forc|equal|mass|time|acceler|learn|use|formula|calcul|acceler',)"
"('http://youtube.com/watch?v=TC23wD34C7k',)","('newton|law|galileo|law|inertia',)"
"('http://youtube.com/watch?v=DNoDJlB0ygU',)","('long|runway|a380|need',)"
"('http://youtube.com/watch?v=sTp4cI9VyCU',)","('calcul|averag|veloc|acceler|constant',)"
"('http://youtube.com/watch?v=_NWc3C3cTNA',)","('understand|distanc|area|velocitytim|line',)"
"('http://youtube.com/watch?v=xp6ibuI8UuQ',)","('figur|long|take|a380|given|constant|acceler',)"
"('http://youtube.com/watch?v=By-ggTfeuJU',)","('calcul|acceler|porsch',)"
"('http://youtube.com/watch?v=ou9YMWlJgkE',)","('basic|graviti|law|univers|gravit',)"
"('http://youtube.com/watch?v=CQYELiTtUs8',)","('work|exampl|calcul|displac|time|veloc',)"
"('http://youtube.com/watch?v=fQt69_Q2CTw',)","('simpl|exampl|solv|time|given|distanc|rate',)"
"('http://youtube.com/watch?v=MAS6mBRZZXA',)","('exampl|calcul|speed|veloc',)"
"('http://youtube.com/watch?v=d-_eqgj5-K8',)","('distanc|displac|speed|veloc|differ|vector|scalar',)"
"('http://youtube.com/watch?v=p4DTormtEG0',)","('money|matter|money|present|futur|valu|discuss',)"
"('http://youtube.com/watch?v=FOkQszg1-j8',)","('limit|tell|valu|function|approach|function|’s|input|closer|closer|number|idea|limit|basi|calculu',)"
"('http://youtube.com/watch?v=Xcel427Ezl0',)","('taylor| |maclaurin|polynomi|clever|way|approxim|function|polynomi|learn|polynomi|work',)"
"('http://youtube.com/watch?v=lQ-dvt3V4yQ',)","('prime|number|number|divis|1|learn|properti|exampl',)"
"('http://youtube.com/watch?v=awzOvyMKeMA',)","('overview|commun|marxistleninist|state',)"
"('http://youtube.com/watch?v=oRKxmXwLvUU',)","('overview|hedg|fund|differ|mutual|fund',)"
"('http://youtube.com/watch?v=ihNZlp7iUHE',)","('clarifi|bunch|medic|term|heart|diseas',)"
"('http://youtube.com/watch?v=733mgqrzNKs',)","('basic|type|type|ii|diabet',)"
"('http://youtube.com/watch?v=riXcZT2ICjA',)","('ape|clarif| |tail',)"
"('http://youtube.com/watch?v=epgwuzzDHsQ',)","('salman|khan|talk|ted|2011|tedcom',)"
"('http://youtube.com/watch?v=mIStB5X4U8M',)","('swave|pwave',)"
"('http://youtube.com/watch?v=MmRgMAZyYN0',)","('shortcut|have|evalu|cross|product|vector',)"
"('http://youtube.com/watch?v=Qb7tbWuDc2U',)","('refract|snell|law',)"
"('http://youtube.com/watch?v=3858MaULDdI',)","('analysi|varianc|3|hypothesi|test|fstatist',)"
"('http://youtube.com/watch?v=rPLjSY00JlE',)","('sal|use|chi|squar|test|hypothesi|owner|distribut|correct',)"
"('http://youtube.com/watch?v=oFGkYA_diDA',)","('sal|walk|exampl|neurologist|test|effect|drug|discuss|hypothesi|test|pvalu',)"
"('http://youtube.com/watch?v=gM95HHI4gLk',)","('figur|probabl|run|water|camp|trip',)"
"('http://youtube.com/watch?v=NhioAAdYDJM',)","('introduct|mechan|aldol|reaction',)"
"('http://youtube.com/watch?v=b7JTVLc_aMk',)","('bill|gate|talk|khan|academi|gate|note',)"
"('http://youtube.com/watch?v=y55tzg_jW9I',)","('carboxyl|acid|deriv| |amid|anhydrid|ester|acyl|chlorid',)"
"('http://youtube.com/watch?v=Xg8_iSkJpAE',)","('carboxyl|acid|name',)"
"('http://youtube.com/watch?v=2QeDRsxSF9M',)","('carboxyl|acid|introduct',)"
"('http://youtube.com/watch?v=-FtlH4svqx4',)","('vapor|pressur|exampl|ideal|ga|law',)"
"('http://youtube.com/watch?v=0ZstEh_8bYc',)","('hesss|law|exampl',)"
"('http://youtube.com/watch?v=3XiHrsZNZko',)","('spectrophotometri|transmitt|absorb|beerlambert|law',)"
"('http://youtube.com/watch?v=UuMTSU9DcqQ',)","('amin|name|introduct',)"
"('http://youtube.com/watch?v=SRPQ62dR6b4',)","('name|benzen|deriv|introduct',)"
"('http://youtube.com/watch?v=z8h7QgevqjM',)","('reson|benzen|carbon|ion',)"
"('http://youtube.com/watch?v=xheOq0XZ-so',)","('free|radic|reaction',)"
"('http://youtube.com/watch?v=-QpkmwIoMaY',)","('e2|e1|sn2|sn1|reaction|exampl|3',)"
"('http://youtube.com/watch?v=8bCL8TQZFKo',)","('e2|e1|sn2|sn1|reaction|exampl|2',)"
"('http://youtube.com/watch?v=qbCZbP6_j48',)","('compar|e2|e1|sn2|sn1|reaction',)"
"('http://youtube.com/watch?v=Kpov3GS6tjM',)","('introduct|reaction|mechan|  |addit|reaction|alken',)"
"('http://youtube.com/watch?v=A5r7wkwDID4',)","('polymer|alken|acid',)"
"('http://youtube.com/watch?v=6XOm3Km7r30',)","('sal|introduc|famou|super|import|pythagorean|theorem',)"
"('http://youtube.com/watch?v=5HgzsltWwK8',)","('time|think|hangtim|farflung|projectil',)"
"('http://youtube.com/watch?v=MtwvLru62Qw',)","('sal|graph|inequ|y3x5',)"
"('http://youtube.com/watch?v=vinEPfrqfiU',)","('stereoisom|enantiom|diastereom|constitut|isom|meso|compound',)"
"('http://youtube.com/watch?v=12Rvts2NR7M',)","('introduct|chiral|handed|chiral|relat|group|bond|central|carbon',)"
"('http://youtube.com/watch?v=Z_GWBW_GVGA',)","('chair|boat|shape|cyclohexan',)"
"('http://youtube.com/watch?v=tR-hzV5Tkxo',)","('newman|project',)"
"('http://youtube.com/watch?v=AA6RfgP-AHU',)","('sp3|hybrid|orbit|sigma|bond',)"
"('http://youtube.com/watch?v=XtAB9GOfLiM',)","('probabl|get|set|card',)"
"('http://youtube.com/watch?v=FnrqBgot3jM',)","('think|differ|way|pick|offic|order|find|probabl|situat|particular',)"
"('http://youtube.com/watch?v=457xnJv80O0',)","('think|way|pick|color|group|6',)"
"('http://youtube.com/watch?v=tk-SNvCPLCE',)","('taken|test|discov|choic|guess|coupl|problem|exampl|problem|consid|probabl|independ|event|occur',)"
"('http://youtube.com/watch?v=YUEkOBvJSNg',)","('sal|analyz|solut|mathemat|problem|determin|use|deduct|reason',)"
"('http://youtube.com/watch?v=IkmM4CPnqF0',)","('sal|discuss|differ|induct|deduct|reason|consid|word|problem',)"
"('http://youtube.com/watch?v=u1eGSL6J6Fo',)","('sal|solv|equat|52x43x718|find|lcm|common|multipl|2x|3x',)"
"('http://youtube.com/watch?v=ccrYD6iX_SY',)","('sal|rewrit|quadrat|equat|vertex|form|show|reveal|vertex|correspond|parabola',)"
"('http://youtube.com/watch?v=l9ft9jpriNA',)","('sal|solv|equat|s22s350|factor|express|left|s5s7|find|svalu|factor|equal|zero',)"
"('http://youtube.com/watch?v=oQpKtm5TtxU',)","('sal|rewrit|r23s32√20r4s5|exponenti|express|radic|express',)"
"('http://youtube.com/watch?v=VWAfEbgf1Po',)","('slope|line|rise|run|learn|calcul|slope|line|graph|find|chang|y|chang|x',)"
"('http://youtube.com/watch?v=VMEV__2wW3E',)","('sal|solv|system|equat|figur|long|coupl|differ|shelv',)"
"('http://youtube.com/watch?v=GEId0GonOZM',)","('solv|limit|00|infintyinfin|lhopist|rule|tool|need',)"
"('http://youtube.com/watch?v=RdYA8ZpqdJE',)","('let|deriv|formula|perceiv|frequenc|sound|chang|sourc|move',)"
"('http://youtube.com/watch?v=dfoXtodyiIA',)","('calcul|mass|oxygen|need|gram|product|form|combust|250|g|glucos',)"
"('http://youtube.com/watch?v=2ZzuZvz33X0',)","('easi|way|think|absolut|valu|distanc|zero|number|line|come|handi|watch|learn',)"
"('http://youtube.com/watch?v=4F6cFLnAAFc',)","('sal|discuss|common|measur|spread',)"
"('http://youtube.com/watch?v=R948Tsyq4vA',)","('sal|introduc|concept|inequ|contain|absolut|valu|express|solv|bunch|exampl',)"
"('http://youtube.com/watch?v=cNlwi6lUCEM',)","('amplitud|period|frequenc|wavelength|period|wave|calcul|wave|veloc',)"
"('http://youtube.com/watch?v=PdSzruR5OeE',)","('introduct|transvers|longitudin|wave',)"
"('http://youtube.com/watch?v=kGrk6V8tWDY',)","('green|theorem|solv|line|integr|vector|field',)"
"('http://youtube.com/watch?v=eQf_EAYGo-k',)","('path|independ|conserv|vector|field|solv|line|integr',)"
"('http://youtube.com/watch?v=frBJEYvyd-8',)","('show|line|integr|close|curv|conserv|vector|field|zero',)"
"('http://youtube.com/watch?v=E4HAYd0QnRc',)","('show|vector|field|gradient|scalar|field|line|integr|path|independ',)"
"('http://youtube.com/watch?v=iI_2Piwn_og',)","('overview|nephron|kidney|filter|blood|reabsorb|water|molecul',)"
"('http://youtube.com/watch?v=tJW_a6JeXD8',)","('line|integr|find|work|vector|field|exampl',)"
"('http://youtube.com/watch?v=c38H6UKt3_I',)","('line|integr|find|work|particl|move|vector|field',)"
"('http://youtube.com/watch?v=gGXnILbrhsM',)","('concret|exampl|line|integr',)"
"('http://youtube.com/watch?v=LpY8Qa3IP1w',)","('introduct|line|integr',)"
"('http://youtube.com/watch?v=I2dbzp0zHuw',)","('overview|inflammatori|respons',)"
"('http://youtube.com/watch?v=K_fgnCJOI8I',)","('review|b|cell|cd4|t|cell|cd8|t|cell',)"
"('http://youtube.com/watch?v=cc8sUv2SuaY',)","('cytotox|t|cell|activ|mhciantigen|complex|proceed|kill|infect|cell',)"
"('http://youtube.com/watch?v=AFF8FXxt5os',)","('introduct|helper|t|cell|role|activ|b|cell',)"
"('http://youtube.com/watch?v=t3cJYNdQLYg',)","('profession|antigen|present|cell|present|part|engulf|pathogen|mhc|ii|complex',)"
"('http://youtube.com/watch?v=uXjQ8yc9Pdg',)","('overview|b|cell|b|lymphocyt|activ|produc|antibodi',)"
"('http://youtube.com/watch?v=_60sKaoRmhU',)","('innat|vs|adapt|immun|humor|adapt|immun|vs|cellmedi|adapt|immun',)"
"('http://youtube.com/watch?v=FXSuEIMrPQk',)","('role|phagocyt|innat|nonspecif|immun|neutrophil|macrophag|dendrit|cell|mhc|ii',)"
"('http://youtube.com/watch?v=xaz5ftvZCyI',)","('role|sarcoplasm|reticulum|control|calcium|ion|concentr|muscl|cell',)"
"('http://youtube.com/watch?v=oqI4skjr6lQ',)","('myosin|actin|interact|produc|mechan|forc',)"
"('http://youtube.com/watch?v=uwMYpTYsNZM',)","('neuron|stimul|inhibit|neuron|chemic|synaps',)"
"('http://youtube.com/watch?v=j_kSmmEpvQk',)","('sodium|potassium|pump|maintain|voltag|gradient|cell|neuron|membran',)"
"('http://youtube.com/watch?v=Z36dUduOk1Y',)","('introduct|neuron|anatomi',)"
"('http://youtube.com/watch?v=rp7T4IItbtM',)","('hemoglobin|role|circulatori|system',)"
"('http://youtube.com/watch?v=O1N2rENXq_Y',)","('pulmonari|system|includ|lung|larynx|trachea|bronchi|bronchiol|alveoli|thorac|diaphragm',)"
"('http://youtube.com/watch?v=SauhB2fYQkM',)","('learn|diffus|osmosi|concentr|gradient|import|cell',)"
"('http://youtube.com/watch?v=zopoN2i7ALQ',)","('calvin|cycl|lightindepend|dark|reaction|photosythesi',)"
"('http://youtube.com/watch?v=Tbq-KZaXiL4',)","('overview|lightdepend|reaction|includ|structur|chloroplast|photosystem|atp|synthes',)"
"('http://youtube.com/watch?v=C_H-ONQFjpQ',)","('overview|photosynthesi|photosynthesi|accomplish|import|lightdepend|lightindepend|reaction|work',)"
"('http://youtube.com/watch?v=ob5U8zPbAX4',)","('introduct|central|limit|theorem|sampl|distribut|mean',)"
"('http://youtube.com/watch?v=LWtXthfG9_M',)","('sal|sketch|graph|fx3x⁴4x³2|includ|extremum|inflect|point',)"
"('http://youtube.com/watch?v=SPGRkexI_cs',)","('introduct|divis',)"
"('http://youtube.com/watch?v=aubZU0iWtgI',)","('sal|introduc|lattic|multipl',)"
"('http://youtube.com/watch?v=slm6D2VEXYs',)","('overview|electron|transport|chain',)"
"('http://youtube.com/watch?v=GR2GA7chA_c',)","('overview|kreb|citric|acid|cycl|seri|reaction|take|acetyl|coa|\xa0|produc|carbon|dioxid|nadh|fadh2|atp|gtp',)"
"('http://youtube.com/watch?v=-rsYk4eCKnA',)","('overview|basic|glycolysi',)"
"('http://youtube.com/watch?v=JNm3M9cqWyc',)","('oxid|reduct|cellular|respir|reconcil|biolog|chemistri|definit|oxid|reduct',)"
"('http://youtube.com/watch?v=hIgnece9ins',)","('introduct|cellular|respir|includ|glycolysi|kreb|cycl|electron|transport|chain',)"
"('http://youtube.com/watch?v=MTzTqvzWzm8',)","('determin|eigenvalu|3x3|matrix',)"
"('http://youtube.com/watch?v=gS6TfWUv97I',)","('find|transform|matrix|respect|nonstandard|basi',)"
"('http://youtube.com/watch?v=mfgCcFXUZRk',)","('defin|determin|nxn|matric|exampl|4x4|determin',)"
"('http://youtube.com/watch?v=juM2ROSLWfw',)","('sal|arriv|formal|definit|deriv|consid|limit|slope|secant|line|approach|tangent|line',)"
"('http://youtube.com/watch?v=FE2jfTXAJHg',)","('summari|thought|video| |discuss|fraction|reserv|bank|subsidi|bank|allow|arbitrag|yield|curv',)"
"('http://youtube.com/watch?v=_KyyVhlUDNU',)","('find|\xa0|∫2ln|xx|dx',)"
"('http://youtube.com/watch?v=2f7YwCtHcgk',)","('introduct|linear|transform',)"
"('http://youtube.com/watch?v=11dNghWC4HI',)","('dimens|column|space|rank',)"
"('http://youtube.com/watch?v=PiuhTj0zCf4',)","('exampl|trig|substitut|solv|indefinit|integr',)"
"('http://youtube.com/watch?v=H9BWRYJNIv4',)","('proof|cauchyschwarz|inequ',)"
"('http://youtube.com/watch?v=ANyVpMS3HL4',)","('understand|definit|basi|subspac',)"
"('http://youtube.com/watch?v=8SAMey9Gl5I',)","('introduct|linear|subspac|rn',)"
"('http://youtube.com/watch?v=C5Lbjbyr1t4',)","('understand|linear|combin|span|vector',)"
"('http://youtube.com/watch?v=4PCktDZJH8E',)","('introduct|convolut',)"
"('http://youtube.com/watch?v=JUgrBkPteTg',)","('introduct|dirac|delta|function',)"
"('http://youtube.com/watch?v=n4EK92CSuBE',)","('introduct|virus',)"
"('http://youtube.com/watch?v=r2PogGDl8_U',)","('introduct|bacteria',)"
"('http://youtube.com/watch?v=zntNi3-ybfQ',)","('learn|use|punnett|squar|calcul|probabl|differ|phenotyp|includ|work|exampl|dihybrid|cross|independ|assort|incomplet|domin|codomin|multipl|allel',)"
"('http://youtube.com/watch?v=pMFv6liWK4M',)","('hered|classic|genet|domin|recess|trait|heterozyg|homozyg|genotyp',)"
"('http://youtube.com/watch?v=Qm_OS-8COwU',)","('overview|earli|develop|zygot|embryo|embryon|somat|stem|cell',)"
"('http://youtube.com/watch?v=IW4Reburjpc',)","('introduct|cancer|byproduct|broken|dna|replic',)"
"('http://youtube.com/watch?v=4qfdCwys2ew',)","('intuit|spontan|driven|enthalpi|entropi|temperatur|introduct|gibb|free|energi',)"
"('http://youtube.com/watch?v=0h5Jd7sgQWY',)","('hesss|law|standard|heat|format|determin|enthalpi|chang|reaction',)"
"('http://youtube.com/watch?v=TDoGrbpJJ14',)","('clarifi|thermodynam|definit|entropi|requir|revers|system',)"
"('http://youtube.com/watch?v=D5ymMYcLtv0',)","('understand|enthalpi|view|heat|content|constant|pressur|system',)"
"('http://youtube.com/watch?v=eEUvRrhmcxM',)","('clarifi|point|evolut|intellig|design',)"
"('http://youtube.com/watch?v=-yCIMk1x0Pk',)","('overview|dna|transcript|translat|replic|mitosi|meiosi|\xa0|learn|chromosom|chromatid|chromatin',)"
"('http://youtube.com/watch?v=RZhL7LDPk8w',)","('variat|introduc|speci',)"
"('http://youtube.com/watch?v=ViAmQivKif0',)","('owl|butterfli|gotten|spot|wing',)"
"('http://youtube.com/watch?v=chXMpDwjBDk',)","('argument|evolut|speak|intellig|design',)"
"('http://youtube.com/watch?v=PFcGiMLwjeY',)","('introduct|group|organ|evolv|natur|select|lead|evolut',)"
"('http://youtube.com/watch?v=fucyI7Ouj2c',)","('maxwel|demon|thought|experi|defi|2nd|law|thermodynam',)"
"('http://youtube.com/watch?v=nh1R-gyY7es',)","('introduc|second|law|thermodynam|discuss|entropi|chang|term|heat|microst',)"
"('http://youtube.com/watch?v=s9HPNwXd9fk',)","('introduct|carnot|cycl|carnot|heat|engin',)"
"('http://youtube.com/watch?v=DuArVnT1i-E',)","('conceptu|proof|intern|energi|ideal|ga|system|32|pv',)"
"('http://youtube.com/watch?v=dR_BFmDMRaI',)","('system|work|expand',)"
"('http://youtube.com/watch?v=qxOEz9aPZNY',)","('get|intuit|intern|energi|heat|work|exampl|law|calcul|work',)"
"('http://youtube.com/watch?v=GcjgWov7mTM',)","('law|thermodynam|intern|energi',)"
"('http://youtube.com/watch?v=aKRDvSZ-igA',)","('theoret|quasistat|andor|revers|process|stay|pretti|equilibrium',)"
"('http://youtube.com/watch?v=xJf6pHqLzs0',)","('introduct|exponenti|decay|exponenti|decay|formula|calcul|k|calcul|mass|carbon14|remain|given|time|calcul|time|take|specif|mass|remain',)"
"('http://youtube.com/watch?v=aAfBSJObd6Y',)","('show|ntnekt|describ|radioact|substanc|time|t|student|background|calculu|necessari|intro|chemistri|class',)"
"('http://youtube.com/watch?v=qSFY7GKhSRs',)","('carbon|date|reallif|exampl|firstord|reaction|video|explain|\xa0|halflif|context|radioact|decay',)"
"('http://youtube.com/watch?v=obeGVTOZyfE',)","('alpha|beta|gamma|decay|positron|emiss',)"
"('http://youtube.com/watch?v=aOSlXuDO4UU',)","('make|sure|fulli|understand|titrat|curv|compar|initi|ph|ph|equival|point|differ|type',)"
"('http://youtube.com/watch?v=Xb05CaG7TsQ',)","('le|chateli|principl|predict|chang|concentr|stress|reaction|equilibrium',)"
"('http://youtube.com/watch?v=lKq-10ysDb4',)","('ignor|solvent|solid|state|molecul|calcul|equilibrium|constant',)"
"('http://youtube.com/watch?v=HTDop6eEsaA',)","('kinet|activ|energi|activ|complex|catalyst',)"
"('http://youtube.com/watch?v=H7nrVDV8ahc',)","('rais|lower|boil|freez|point|solut|ad|solut',)"
"('http://youtube.com/watch?v=9REPnibO4IQ',)","('solubl|salt|ga|solut|liquid|solvent',)"
"('http://youtube.com/watch?v=3koOwozY4oc',)","('suspens|colloid|solut|differ|molar|molal',)"
"('http://youtube.com/watch?v=BBIGR0RAMtY',)","('vapor|pressur|volatil|evapor',)"
"('http://youtube.com/watch?v=4-fEvpVNTlE',)","('van|der|waal|forc|london|dispers|forc|dipoledipol|forc|\xa0|hydrogen|bond',)"
"('http://youtube.com/watch?v=TsXlTWgyItw',)","('understand|interpret|phase|diagram',)"
"('http://youtube.com/watch?v=__zy-oOLPug',)","('introduct|state|phase|matter',)"
"('http://youtube.com/watch?v=z9LxdqYntlU',)","('figur|mass|oxygen|given|p|v|t|need|check|unit|r',)"
"('http://youtube.com/watch?v=zjIVJh4JLNo',)","('figur|number|mole|ga|ideal|ga|equat|pvnrt',)"
"('http://youtube.com/watch?v=3ROWXs3jtQU',)","('intuit|ideal|ga|equat|pvnrt',)"
"('http://youtube.com/watch?v=hA5jddDYcyg',)","('stoichiometri|problem|find|limit|reagent|calcul|gram|product|form',)"
"('http://youtube.com/watch?v=8qfzpJvsp04',)","('introduct|stoichiometri|balanc|reaction|find|molar|ratio',)"
"('http://youtube.com/watch?v=Qp87Z4m8R-w',)","('introduct|idea|mole|number|vs|anim',)"
"('http://youtube.com/watch?v=pKvo0XWZtjo',)","('introduct|ionic|coval|polar|coval|metal|bond',)"
"('http://youtube.com/watch?v=69V-60sga3M',)","('electron|configur|relat|orbit|structur|period|tabl',)"
"('http://youtube.com/watch?v=erjMiErRgSQ',)","('introduct|orbit|relat|energi|shell|row|period|period|tabl',)"
"('http://youtube.com/watch?v=WScwPIPqZa0',)","('learn|atom|proton|neutron|electron|element|defin|atom|number|number|proton|nucleu|mass|atom|determin|total|number|proton|neutron',)"
"('http://youtube.com/watch?v=rESzyhPOJ7I',)","('incom|statement|revenu|gross|profit|oper|profit|net|incom|roa|roe',)"
"('http://youtube.com/watch?v=SjQG3rKSZUQ',)","('sal|explain|partial|fraction|expans|rewrit|x²2x37x²3x40|sum|1|ration|express|linear|denomin',)"
"('http://youtube.com/watch?v=AsqEkF7hcII',)","('explor|normal|distribut',)"
"('http://youtube.com/watch?v=CGA8sRwqIFg',)","('sal|introduc|magic|law|larg|number',)"
"('http://youtube.com/watch?v=FmQoSenbtnU',)","('introduct|poisson|process|poisson|distribut',)"
"('http://youtube.com/watch?v=yBrp8uvNAhI',)","('expect|valu|binomi|distribut|random|variabl',)"
"('http://youtube.com/watch?v=1xSQlwWGT8M',)","('probabl|densiti|function|continu|random|variabl',)"
"('http://youtube.com/watch?v=Z7C4cz2HkeY',)","('analysi|feder|reserv|balanc|sheet|feb|2007',)"
"('http://youtube.com/watch?v=S-XKGBesRzk',)","('discount|rate|window| |lender|resort',)"
"('http://youtube.com/watch?v=hgtMWR3TFnY',)","('differ|bond|stock',)"
"('http://youtube.com/watch?v=VpuN8vCQ--M',)","('rais|money|angel|investor| |premoney|postmoney|valuat',)"
"('http://youtube.com/watch?v=3z-M6sbGIZ0',)","('learn|calcul|standard|deviat|relat|varianc|mean|differ|popul|sampl|standard|deviat',)"
"('http://youtube.com/watch?v=SqcxYnNlI3Y',)","('introduct|descript|statist|central|tendenc|way|measur|averag|set|median|mean|mode',)"
"('http://youtube.com/watch?v=Fvi9A_tEmXQ',)","('pro|con|bank|system| |gold',)"
"('http://youtube.com/watch?v=MILF-9GeMDQ',)","('get|gold|standard| |short|discuss|mean|wealth',)"
"('http://youtube.com/watch?v=FxkTSjctXdk',)","('introduct|idea|reserv|bank',)"
"('http://youtube.com/watch?v=rs1md3e4aYU',)","('leverag| |good|bad| |leverag|insolv',)"
"('http://youtube.com/watch?v=8OCjwBkMJ_E',)","('introduct|bank|money|valu|potenti|add|societi',)"
"('http://youtube.com/watch?v=HvDqbzu0i0E',)","('bubbl|destroy|wealth',)"
"('http://youtube.com/watch?v=uhxtUt_-GyM',)","('bailout|work',)"
"('http://youtube.com/watch?v=T9byZBGtGuw',)","('system|risk|credit|default|swap|financi|weapon|mass|destruct',)"
"('http://youtube.com/watch?v=NFDMXwwzyIM',)","('introduct|credit|default|swap',)"
"('http://youtube.com/watch?v=M-4GWomLbpc',)","('introduct|order|homogen|equat',)"
"('http://youtube.com/watch?v=8fxilNdEQTo',)","('chain|rule|partial|deriv|proof|intuit',)"
"('http://youtube.com/watch?v=E-HOz8T6tAo',)","('introduct|tripl|integr',)"
"('http://youtube.com/watch?v=Q7HbtnOyKMg',)","('figur|volum|zxy2',)"
"('http://youtube.com/watch?v=R528WbVdC0I',)","('introduct|doubl|integr',)"
"('http://youtube.com/watch?v=neAFEvNsiqw',)","('understand|differ|dot|cross|product',)"
"('http://youtube.com/watch?v=a1lVOO9Y080',)","('introduct|vector|dot|product',)"
"('http://youtube.com/watch?v=9Wfn-WWV1aY',)","('introduct|magnet',)"
"('http://youtube.com/watch?v=iEpqcdaJNTQ',)","('old|video|sal|introduc|mean|valu|theorem| |give|intuit|mean',)"
"('http://youtube.com/watch?v=vr0sTKbV7lI',)","('deriv|quadrat|formula|complet|squar',)"
"('http://youtube.com/watch?v=TdLD2Zh-nUQ',)","('introduct|electr|circuit|current|resist',)"
"('http://youtube.com/watch?v=85zGYB-34jQ',)","('introduct|moment',)"
"('http://youtube.com/watch?v=E34CftP455k',)","('introduct|capacit|plate|capacitor',)"
"('http://youtube.com/watch?v=KDHuWxy53uM',)","('think|forc|charg|come|properti|space|properti|call|electr|field',)"
"('http://youtube.com/watch?v=8Y4JSp5U82I',)","('old|video|sal|explain|use|combinatori|formula|n|choos|k|expand|binomi|express',)"
"('http://youtube.com/watch?v=bGNMXfaNR5Q',)","('interest|simpl|versu|compound|interest',)"
"('http://youtube.com/watch?v=mDmRYfma9C0',)","('intuit|motion|mass|spring|calculu|near|end',)"
"('http://youtube.com/watch?v=3o8_EARoMtg',)","('introduct|hook|law',)"
"('http://youtube.com/watch?v=ESusD8HRLBI',)","('littl|bit|graviti',)"
"('http://youtube.com/watch?v=ngOC4eUQl8Y',)","('littl|bit|graviti',)"
"('http://youtube.com/watch?v=0YOGrTNgGhE',)","('express|vector|scale|sum|unit|vector',)"
"('http://youtube.com/watch?v=xF_hJaXUNfE',)","('math|rent|vs|buy|home|challeng|notion|better|buy',)"
"('http://youtube.com/watch?v=GtaoP0skPWc',)","('home|purchas|illustr|asset|liabil|owner|equiti',)"
"('http://youtube.com/watch?v=Nk2q-_jkJVs',)","('introduct|torqu',)"
"('http://youtube.com/watch?v=ZzwuHS9ldbY',)","('video|sal|give|conceptu|understand|center|mass|mean',)"
"('http://youtube.com/watch?v=391txUI76gM',)","('conserv|energi|problem|energi|conserv',)"
"('http://youtube.com/watch?v=8i0j3j16yFk',)","('law|conserv|energi|potenti|energi|convert|kinet|energi',)"
"('http://youtube.com/watch?v=FaF3v-ezbSk',)","('introduct|work|energi',)"
"('http://youtube.com/watch?v=YL10H_EcB-E',)","('exampl|conserv|momentum|dimens',)"
"('http://youtube.com/watch?v=mxsYHiDVNlk',)","('momentum| |simpl|problem|involv|momentum',)"
"('http://youtube.com/watch?v=QhuJn8YBtmg',)","('introduct|tension|solv|tension|set|wire|weight|hang',)"
"('http://youtube.com/watch?v=VrflZifKIuw',)","('equat|motion|figur|thing|fall|object',)"
"('http://youtube.com/watch?v=YvacYWgygaA',)","('intuit|deriv|deriv|find|slope|point|fxx2',)"
"('http://youtube.com/watch?v=kw_4Loo1HR4',)","('find|slope|tangent|line|curv|deriv|introduct|calculu',)"
"('http://youtube.com/watch?v=2WS1sG9fhOk',)","('sal|cover|differ|kind|function|show|determin|domain',)"
"('http://youtube.com/watch?v=CFygKiTB-4A',)","('introduct| |collater|debt|oblig|listen|seri|mortgageback|secur',)"
"('http://youtube.com/watch?v=XFhntPxow0U',)","('introduct|mortgageback|secur',)"
"('http://youtube.com/watch?v=_UrfHFEBIpU',)","('introduct|function',)"
"('http://youtube.com/watch?v=15zliAL4llE',)","('introduct|quadrat|equat|solv|2nd|degre|polynomi|equat',)"
"('http://youtube.com/watch?v=ay8838UZ4nM',)","('learn|unit|convers|metric|system',)"
"('http://youtube.com/watch?v=rAof9Ld5sOg',)","('factor|quadrat',)"
"('http://youtube.com/watch?v=U-k5N1WPk4g',)","('solv|linear|equat|variabl|express|denomin|fraction',)"
